<?xml version="1.0" encoding="UTF-8"?>
<project-private xmlns="http://www.netbeans.org/ns/project-private/1">
    <editor-bookmarks xmlns="http://www.netbeans.org/ns/editor-bookmarks/2" lastBookmarkId="0"/>
    <open-files xmlns="http://www.netbeans.org/ns/projectui-open-files/2">
        <group>
            <file>file:/D:/CURS%20WEB%20DEVELOPER/UwAmp/www/jobeet/src/Epfc/JobeetBundle/Form/JobType.php</file>
            <file>file:/D:/CURS%20WEB%20DEVELOPER/UwAmp/www/jobeet/app/Resources/views/job/index.html.twig</file>
            <file>file:/D:/CURS%20WEB%20DEVELOPER/UwAmp/www/jobeet/src/Epfc/JobeetBundle/Entity/Job.php</file>
            <file>file:/D:/CURS%20WEB%20DEVELOPER/UwAmp/www/jobeet/src/Epfc/JobeetBundle/Controller/JobController.php</file>
        </group>
    </open-files>
</project-private>
